driver_id,total_fare,avg_distance
51,86.55,37.67
15,118.2,2.27
69,81.22,42.49
73,42.48,29.94
3,40.56,12.35
28,272.16,18.310000000000002
85,105.21,42.8
35,146.82,37.49
98,63.92,16.78
18,141.02,3.22
82,182.31,31.895000000000003
86,22.35,16.51
67,88.16,30.68
32,139.39,37.66
1,135.17,6.1
20,172.54,38.23
56,151.02,10.620000000000001
36,64.3,34.57
10,55.31,21.63
4,21.97,4.92
21,118.87,14.41
94,37.23,5.17
2,96.2,31.1
50,10.83,33.83
